--
-- PostgreSQL database dump
--

\restrict tHonOLhM9REGnm0oETjFWN42XjRDYlspgrgeRWfZuyI3m98ZRMM6uFtqkv4w2M6

-- Dumped from database version 15.17
-- Dumped by pg_dump version 15.17

SET statement_timeout = 0;
SET lock_timeout = 0;
SET idle_in_transaction_session_timeout = 0;
SET client_encoding = 'UTF8';
SET standard_conforming_strings = on;
SELECT pg_catalog.set_config('search_path', '', false);
SET check_function_bodies = false;
SET xmloption = content;
SET client_min_messages = warning;
SET row_security = off;

SET default_tablespace = '';

SET default_table_access_method = heap;

--
-- Name: bus_routes; Type: TABLE; Schema: public; Owner: bus_admin
--

CREATE TABLE public.bus_routes (
    id bigint NOT NULL,
    frequency_priority double precision NOT NULL,
    route_number character varying(255) NOT NULL
);


ALTER TABLE public.bus_routes OWNER TO bus_admin;

--
-- Name: bus_routes_id_seq; Type: SEQUENCE; Schema: public; Owner: bus_admin
--

ALTER TABLE public.bus_routes ALTER COLUMN id ADD GENERATED BY DEFAULT AS IDENTITY (
    SEQUENCE NAME public.bus_routes_id_seq
    START WITH 1
    INCREMENT BY 1
    NO MINVALUE
    NO MAXVALUE
    CACHE 1
);


--
-- Name: bus_stops; Type: TABLE; Schema: public; Owner: bus_admin
--

CREATE TABLE public.bus_stops (
    id bigint NOT NULL,
    name_en character varying(255) NOT NULL,
    pinyin_initials character varying(255) NOT NULL,
    popularity_score double precision NOT NULL
);


ALTER TABLE public.bus_stops OWNER TO bus_admin;

--
-- Name: bus_stops_id_seq; Type: SEQUENCE; Schema: public; Owner: bus_admin
--

ALTER TABLE public.bus_stops ALTER COLUMN id ADD GENERATED BY DEFAULT AS IDENTITY (
    SEQUENCE NAME public.bus_stops_id_seq
    START WITH 1
    INCREMENT BY 1
    NO MINVALUE
    NO MAXVALUE
    CACHE 1
);


--
-- Name: cleaning_rule; Type: TABLE; Schema: public; Owner: bus_admin
--

CREATE TABLE public.cleaning_rule (
    id bigint NOT NULL,
    enabled boolean NOT NULL,
    rule_key character varying(255) NOT NULL,
    rule_value character varying(255) NOT NULL
);


ALTER TABLE public.cleaning_rule OWNER TO bus_admin;

--
-- Name: cleaning_rule_id_seq; Type: SEQUENCE; Schema: public; Owner: bus_admin
--

ALTER TABLE public.cleaning_rule ALTER COLUMN id ADD GENERATED BY DEFAULT AS IDENTITY (
    SEQUENCE NAME public.cleaning_rule_id_seq
    START WITH 1
    INCREMENT BY 1
    NO MINVALUE
    NO MAXVALUE
    CACHE 1
);


--
-- Name: field_dictionary; Type: TABLE; Schema: public; Owner: bus_admin
--

CREATE TABLE public.field_dictionary (
    id bigint NOT NULL,
    dict_key character varying(255) NOT NULL,
    dict_value character varying(255) NOT NULL
);


ALTER TABLE public.field_dictionary OWNER TO bus_admin;

--
-- Name: field_dictionary_id_seq; Type: SEQUENCE; Schema: public; Owner: bus_admin
--

ALTER TABLE public.field_dictionary ALTER COLUMN id ADD GENERATED BY DEFAULT AS IDENTITY (
    SEQUENCE NAME public.field_dictionary_id_seq
    START WITH 1
    INCREMENT BY 1
    NO MINVALUE
    NO MAXVALUE
    CACHE 1
);


--
-- Name: import_audit_log; Type: TABLE; Schema: public; Owner: bus_admin
--

CREATE TABLE public.import_audit_log (
    id bigint NOT NULL,
    changes_made text NOT NULL,
    result character varying(255) NOT NULL,
    source_type character varying(255) NOT NULL,
    stop_name character varying(255) NOT NULL,
    "timestamp" timestamp(6) without time zone NOT NULL,
    trace_id character varying(255) NOT NULL
);


ALTER TABLE public.import_audit_log OWNER TO bus_admin;

--
-- Name: import_audit_log_id_seq; Type: SEQUENCE; Schema: public; Owner: bus_admin
--

ALTER TABLE public.import_audit_log ALTER COLUMN id ADD GENERATED BY DEFAULT AS IDENTITY (
    SEQUENCE NAME public.import_audit_log_id_seq
    START WITH 1
    INCREMENT BY 1
    NO MINVALUE
    NO MAXVALUE
    CACHE 1
);


--
-- Name: message_queue; Type: TABLE; Schema: public; Owner: bus_admin
--

CREATE TABLE public.message_queue (
    id bigint NOT NULL,
    final_content text,
    raw_content text NOT NULL,
    scheduled_at timestamp(6) without time zone NOT NULL,
    sensitivity character varying(255) NOT NULL,
    status character varying(255) NOT NULL,
    trace_id character varying(255) NOT NULL,
    type_label character varying(255) NOT NULL,
    user_id bigint NOT NULL,
    CONSTRAINT message_queue_sensitivity_check CHECK (((sensitivity)::text = ANY ((ARRAY['LEVEL1'::character varying, 'LEVEL2'::character varying, 'LEVEL3'::character varying])::text[]))),
    CONSTRAINT message_queue_status_check CHECK (((status)::text = ANY ((ARRAY['PENDING'::character varying, 'DELIVERED'::character varying, 'SUPPRESSED_DND'::character varying])::text[])))
);


ALTER TABLE public.message_queue OWNER TO bus_admin;

--
-- Name: message_queue_id_seq; Type: SEQUENCE; Schema: public; Owner: bus_admin
--

ALTER TABLE public.message_queue ALTER COLUMN id ADD GENERATED BY DEFAULT AS IDENTITY (
    SEQUENCE NAME public.message_queue_id_seq
    START WITH 1
    INCREMENT BY 1
    NO MINVALUE
    NO MAXVALUE
    CACHE 1
);


--
-- Name: notification_preference; Type: TABLE; Schema: public; Owner: bus_admin
--

CREATE TABLE public.notification_preference (
    user_id bigint NOT NULL,
    arrival_reminders_enabled boolean NOT NULL,
    dnd_end time(6) without time zone NOT NULL,
    dnd_start time(6) without time zone NOT NULL,
    lead_time_minutes integer NOT NULL
);


ALTER TABLE public.notification_preference OWNER TO bus_admin;

--
-- Name: notification_template; Type: TABLE; Schema: public; Owner: bus_admin
--

CREATE TABLE public.notification_template (
    id bigint NOT NULL,
    template_body text NOT NULL,
    template_key character varying(255) NOT NULL
);


ALTER TABLE public.notification_template OWNER TO bus_admin;

--
-- Name: notification_template_id_seq; Type: SEQUENCE; Schema: public; Owner: bus_admin
--

ALTER TABLE public.notification_template ALTER COLUMN id ADD GENERATED BY DEFAULT AS IDENTITY (
    SEQUENCE NAME public.notification_template_id_seq
    START WITH 1
    INCREMENT BY 1
    NO MINVALUE
    NO MAXVALUE
    CACHE 1
);


--
-- Name: route_stop_mapping; Type: TABLE; Schema: public; Owner: bus_admin
--

CREATE TABLE public.route_stop_mapping (
    id bigint NOT NULL,
    route_id bigint NOT NULL,
    stop_id bigint NOT NULL
);


ALTER TABLE public.route_stop_mapping OWNER TO bus_admin;

--
-- Name: route_stop_mapping_id_seq; Type: SEQUENCE; Schema: public; Owner: bus_admin
--

ALTER TABLE public.route_stop_mapping ALTER COLUMN id ADD GENERATED BY DEFAULT AS IDENTITY (
    SEQUENCE NAME public.route_stop_mapping_id_seq
    START WITH 1
    INCREMENT BY 1
    NO MINVALUE
    NO MAXVALUE
    CACHE 1
);


--
-- Name: stop_version; Type: TABLE; Schema: public; Owner: bus_admin
--

CREATE TABLE public.stop_version (
    id bigint NOT NULL,
    address character varying(255),
    apartment_type character varying(255),
    area_sqm double precision,
    imported_at timestamp(6) without time zone NOT NULL,
    price_yuan_month double precision,
    raw_source text NOT NULL,
    residential_area character varying(255),
    stop_name character varying(255) NOT NULL,
    version_number integer NOT NULL
);


ALTER TABLE public.stop_version OWNER TO bus_admin;

--
-- Name: stop_version_id_seq; Type: SEQUENCE; Schema: public; Owner: bus_admin
--

ALTER TABLE public.stop_version ALTER COLUMN id ADD GENERATED BY DEFAULT AS IDENTITY (
    SEQUENCE NAME public.stop_version_id_seq
    START WITH 1
    INCREMENT BY 1
    NO MINVALUE
    NO MAXVALUE
    CACHE 1
);


--
-- Name: users; Type: TABLE; Schema: public; Owner: bus_admin
--

CREATE TABLE public.users (
    id bigint NOT NULL,
    password_hash character varying(255) NOT NULL,
    role character varying(255) NOT NULL,
    username character varying(255) NOT NULL
);


ALTER TABLE public.users OWNER TO bus_admin;

--
-- Name: users_id_seq; Type: SEQUENCE; Schema: public; Owner: bus_admin
--

ALTER TABLE public.users ALTER COLUMN id ADD GENERATED BY DEFAULT AS IDENTITY (
    SEQUENCE NAME public.users_id_seq
    START WITH 1
    INCREMENT BY 1
    NO MINVALUE
    NO MAXVALUE
    CACHE 1
);


--
-- Name: workflow_task; Type: TABLE; Schema: public; Owner: bus_admin
--

CREATE TABLE public.workflow_task (
    id bigint NOT NULL,
    branch character varying(255) NOT NULL,
    comment character varying(255),
    created_at timestamp(6) without time zone NOT NULL,
    high_impact boolean NOT NULL,
    progress integer NOT NULL,
    status character varying(255) NOT NULL,
    title character varying(255) NOT NULL,
    type character varying(255) NOT NULL,
    CONSTRAINT workflow_task_status_check CHECK (((status)::text = ANY ((ARRAY['DRAFT'::character varying, 'PENDING'::character varying, 'APPROVED'::character varying, 'RETURNED'::character varying, 'ESCALATED'::character varying])::text[]))),
    CONSTRAINT workflow_task_type_check CHECK (((type)::text = ANY ((ARRAY['ROUTE_CHANGE'::character varying, 'REMINDER_RULE'::character varying, 'ABNORMAL_DATA_REVIEW'::character varying])::text[])))
);


ALTER TABLE public.workflow_task OWNER TO bus_admin;

--
-- Name: workflow_task_id_seq; Type: SEQUENCE; Schema: public; Owner: bus_admin
--

ALTER TABLE public.workflow_task ALTER COLUMN id ADD GENERATED BY DEFAULT AS IDENTITY (
    SEQUENCE NAME public.workflow_task_id_seq
    START WITH 1
    INCREMENT BY 1
    NO MINVALUE
    NO MAXVALUE
    CACHE 1
);


--
-- Data for Name: bus_routes; Type: TABLE DATA; Schema: public; Owner: bus_admin
--

COPY public.bus_routes (id, frequency_priority, route_number) FROM stdin;
1	10	B12
2	8	K66
\.


--
-- Data for Name: bus_stops; Type: TABLE DATA; Schema: public; Owner: bus_admin
--

COPY public.bus_stops (id, name_en, pinyin_initials, popularity_score) FROM stdin;
1	Central Avenue	CA	50
\.


--
-- Data for Name: cleaning_rule; Type: TABLE DATA; Schema: public; Owner: bus_admin
--

COPY public.cleaning_rule (id, enabled, rule_key, rule_value) FROM stdin;
1	t	SQFT_TO_SQM_FACTOR	0.092903
2	t	NULL_FALLBACK	NULL
3	t	PRICE_TARGET_SUFFIX	yuan/month
4	t	SEARCH_FREQUENCY_WEIGHT	0.7
5	t	SEARCH_POPULARITY_WEIGHT	0.3
\.


--
-- Data for Name: field_dictionary; Type: TABLE DATA; Schema: public; Owner: bus_admin
--

COPY public.field_dictionary (id, dict_key, dict_value) FROM stdin;
1	AREA_UNIT_SUFFIX	㎡
2	PRICE_UNIT_SUFFIX	yuan/month
\.


--
-- Data for Name: import_audit_log; Type: TABLE DATA; Schema: public; Owner: bus_admin
--

COPY public.import_audit_log (id, changes_made, result, source_type, stop_name, "timestamp", trace_id) FROM stdin;
1	Converted area from sqft to sqm.	Success	JSON	Audit Stop	2026-04-21 16:59:41.951885	e41087d7
2	Area missing -> stored as NULL. Price changed from 5600.0 to 5700.0.	Partial	JSON	Audit Stop	2026-04-21 16:59:42.088669	113f15c8
3	Converted area from sqft to sqm. Price changed from 5700.0 to 5600.0.	Success	JSON	Audit Stop	2026-04-21 17:19:03.424904	d4432aa3
4	Area missing -> stored as NULL. Price changed from 5600.0 to 5700.0.	Partial	JSON	Audit Stop	2026-04-21 17:19:03.679101	bebbce65
5	Converted area from sqft to sqm. Price changed from 5700.0 to 5600.0.	Success	JSON	Audit Stop	2026-04-21 17:41:14.959997	a0518454
6	Area missing -> stored as NULL. Price changed from 5600.0 to 5700.0.	Partial	JSON	Audit Stop	2026-04-21 17:41:15.210034	a4b808b7
7	Converted area from sqft to sqm. Price changed from 5700.0 to 5600.0.	Success	JSON	Audit Stop	2026-04-21 17:45:10.466263	6dd02f36
8	Area missing -> stored as NULL. Price changed from 5600.0 to 5700.0.	Partial	JSON	Audit Stop	2026-04-21 17:45:10.589473	2f5b586b
9	Converted area from sqft to sqm. Price changed from 5700.0 to 5600.0.	Success	JSON	Audit Stop	2026-04-21 17:48:13.823839	0a7bba27
10	Area missing -> stored as NULL. Price changed from 5600.0 to 5700.0.	Partial	JSON	Audit Stop	2026-04-21 17:48:14.041482	e5cf4ae0
11	Converted area from sqft to sqm.	Success	JSON	NULL	2026-04-21 17:59:40.781336	634b19d7
12	Converted area from sqft to sqm. Price changed from 5700.0 to 5600.0.	Success	JSON	Audit Stop	2026-04-21 18:22:37.149481	d0f88578
13	Area missing -> stored as NULL. Price changed from 5600.0 to 5700.0.	Partial	JSON	Audit Stop	2026-04-21 18:22:37.466766	b3f8810b
\.


--
-- Data for Name: message_queue; Type: TABLE DATA; Schema: public; Owner: bus_admin
--

COPY public.message_queue (id, final_content, raw_content, scheduled_at, sensitivity, status, trace_id, type_label, user_id) FROM stdin;
1	Reminder: Your bus to Central Avenue 3500 arrives in 10 minutes.	Reminder: Your bus to Central Avenue 3500 arrives in 10 minutes.	2026-04-21 17:41:17.527635	LEVEL1	DELIVERED	7690bdea	Arrival Reminder	1
2	R**: Y** b** t** C** A** **** a** i** **** m**.	Reminder: Your bus to Central Avenue 3500 arrives in 10 minutes.	2026-04-21 17:48:14.688797	LEVEL3	DELIVERED	abcf7b7d	Arrival Reminder	9
3	R**: Y** b** t** C** A** a** i** **** m**.	Reminder: Your bus to Central Avenue arrives in 10 minutes.	2026-04-21 17:51:25.989013	LEVEL3	DELIVERED	b5c98b88	Arrival Reminder	7
4	R**: Y** b** t** C** A** a** i** **** m**.	Reminder: Your bus to Central Avenue arrives in 10 minutes.	2026-04-21 17:56:34.891363	LEVEL3	DELIVERED	2b397880	Arrival Reminder	7
5	R**: Y** b** t** C** A** **** a** i** **** m**.	Reminder: Your bus to Central Avenue 3500 arrives in 10 minutes.	2026-04-21 18:22:38.504352	LEVEL3	DELIVERED	d33bafff	Arrival Reminder	9
\.


--
-- Data for Name: notification_preference; Type: TABLE DATA; Schema: public; Owner: bus_admin
--

COPY public.notification_preference (user_id, arrival_reminders_enabled, dnd_end, dnd_start, lead_time_minutes) FROM stdin;
1	t	07:00:00	22:00:00	10
9	t	07:00:00	22:00:00	10
7	t	07:00:00	22:00:00	10
\.


--
-- Data for Name: notification_template; Type: TABLE DATA; Schema: public; Owner: bus_admin
--

COPY public.notification_template (id, template_body, template_key) FROM stdin;
1	Reminder: Your bus to {stopName} arrives in {leadTimeMinutes} minutes.	ARRIVAL_REMINDER
2	Missed check-in detected for {stopName}.	MISSED_CHECKIN
\.


--
-- Data for Name: route_stop_mapping; Type: TABLE DATA; Schema: public; Owner: bus_admin
--

COPY public.route_stop_mapping (id, route_id, stop_id) FROM stdin;
1	1	1
2	2	1
\.


--
-- Data for Name: stop_version; Type: TABLE DATA; Schema: public; Owner: bus_admin
--

COPY public.stop_version (id, address, apartment_type, area_sqm, imported_at, price_yuan_month, raw_source, residential_area, stop_name, version_number) FROM stdin;
1	North Road	2BR	9.2903	2026-04-21 16:18:54.180066	5600	RawInput{name='Audit Stop', address='North Road', residentialArea='Garden Court', apartmentType='2BR', area=100.0, unit='sqft', price='5600 yuan/month'}	Garden Court	Audit Stop	1
2	North Road	2BR	\N	2026-04-21 16:18:54.376049	5700	RawInput{name='Audit Stop', address='North Road', residentialArea='Garden Court', apartmentType='2BR', area=null, unit='null', price='5700 yuan/month'}	Garden Court	Audit Stop	2
3	North Road	2BR	9.2903	2026-04-21 16:33:06.310251	5600	RawInput{name='Audit Stop', address='North Road', residentialArea='Garden Court', apartmentType='2BR', area=100.0, unit='sqft', price='5600 yuan/month'}	Garden Court	Audit Stop	3
4	North Road	2BR	\N	2026-04-21 16:33:07.005178	5700	RawInput{name='Audit Stop', address='North Road', residentialArea='Garden Court', apartmentType='2BR', area=null, unit='null', price='5700 yuan/month'}	Garden Court	Audit Stop	4
5	North Road	2BR	9.2903	2026-04-21 16:35:44.687562	5600	RawInput{name='Audit Stop', address='North Road', residentialArea='Garden Court', apartmentType='2BR', area=100.0, unit='sqft', price='5600 yuan/month'}	Garden Court	Audit Stop	5
6	North Road	2BR	\N	2026-04-21 16:35:45.21949	5700	RawInput{name='Audit Stop', address='North Road', residentialArea='Garden Court', apartmentType='2BR', area=null, unit='null', price='5700 yuan/month'}	Garden Court	Audit Stop	6
7	NULL	Penthouse	111.4836	2026-04-21 16:37:37.810589	4500	RawInput{name='Riverside Hub', address='null', residentialArea='null', apartmentType='Penthouse', area=1200.0, unit='sqft', price='4500'}	NULL	Riverside Hub	1
8	North Road	2BR	9.2903	2026-04-21 16:41:22.892808	5600	RawInput{name='Audit Stop', address='North Road', residentialArea='Garden Court', apartmentType='2BR', area=100.0, unit='sqft', price='5600 yuan/month'}	Garden Court	Audit Stop	7
9	North Road	2BR	9.2903	2026-04-21 16:59:41.908949	5600	RawInput{name='Audit Stop', address='North Road', residentialArea='Garden Court', apartmentType='2BR', area=100.0, unit='sqft', price='5600 yuan/month'}	Garden Court	Audit Stop	8
10	North Road	2BR	\N	2026-04-21 16:59:42.077335	5700	RawInput{name='Audit Stop', address='North Road', residentialArea='Garden Court', apartmentType='2BR', area=null, unit='null', price='5700 yuan/month'}	Garden Court	Audit Stop	9
11	North Road	2BR	9.2903	2026-04-21 17:19:03.218673	5600	RawInput{name='Audit Stop', address='North Road', residentialArea='Garden Court', apartmentType='2BR', area=100.0, unit='sqft', price='5600 yuan/month'}	Garden Court	Audit Stop	10
12	North Road	2BR	\N	2026-04-21 17:19:03.653611	5700	RawInput{name='Audit Stop', address='North Road', residentialArea='Garden Court', apartmentType='2BR', area=null, unit='null', price='5700 yuan/month'}	Garden Court	Audit Stop	11
13	North Road	2BR	9.2903	2026-04-21 17:41:14.574548	5600	RawInput{name='Audit Stop', address='North Road', residentialArea='Garden Court', apartmentType='2BR', area=100.0, unit='sqft', price='5600 yuan/month'}	Garden Court	Audit Stop	12
14	North Road	2BR	\N	2026-04-21 17:41:15.192168	5700	RawInput{name='Audit Stop', address='North Road', residentialArea='Garden Court', apartmentType='2BR', area=null, unit='null', price='5700 yuan/month'}	Garden Court	Audit Stop	13
15	North Road	2BR	9.2903	2026-04-21 17:45:10.395509	5600	RawInput{name='Audit Stop', address='North Road', residentialArea='Garden Court', apartmentType='2BR', area=100.0, unit='sqft', price='5600 yuan/month'}	Garden Court	Audit Stop	14
16	North Road	2BR	\N	2026-04-21 17:45:10.578039	5700	RawInput{name='Audit Stop', address='North Road', residentialArea='Garden Court', apartmentType='2BR', area=null, unit='null', price='5700 yuan/month'}	Garden Court	Audit Stop	15
17	North Road	2BR	9.2903	2026-04-21 17:48:13.386662	5600	RawInput{name='Audit Stop', address='North Road', residentialArea='Garden Court', apartmentType='2BR', area=100.0, unit='sqft', price='5600 yuan/month'}	Garden Court	Audit Stop	16
18	North Road	2BR	\N	2026-04-21 17:48:14.022524	5700	RawInput{name='Audit Stop', address='North Road', residentialArea='Garden Court', apartmentType='2BR', area=null, unit='null', price='5700 yuan/month'}	Garden Court	Audit Stop	17
19	NULL	2BR	46.4515	2026-04-21 17:59:40.744926	5600	RawInput{name='null', address='null', residentialArea='Garden Court', apartmentType='2BR', area=500.0, unit='sqft', price='5600 yuan/month'}	Garden Court	NULL	1
20	North Road	2BR	9.2903	2026-04-21 18:22:36.937864	5600	RawInput{name='Audit Stop', address='North Road', residentialArea='Garden Court', apartmentType='2BR', area=100.0, unit='sqft', price='5600 yuan/month'}	Garden Court	Audit Stop	18
21	North Road	2BR	\N	2026-04-21 18:22:37.444524	5700	RawInput{name='Audit Stop', address='North Road', residentialArea='Garden Court', apartmentType='2BR', area=null, unit='null', price='5700 yuan/month'}	Garden Court	Audit Stop	19
\.


--
-- Data for Name: users; Type: TABLE DATA; Schema: public; Owner: bus_admin
--

COPY public.users (id, password_hash, role, username) FROM stdin;
1	$2a$10$UjGxpn/3QtYLS1Z/DSvRNOzm.pK56OS2szlfQ58KWBQ1Orj2vRsSy	ADMIN	admin
2	$2a$10$xlT4E3G17sI5Kv0UQcS/qe4UjCFpbbkUXTjjNFhiVjB/LQqg7qRPC	PASSENGER	user1
3	$2a$10$QMmr.gRjB.bdd1QqHFpCser6fBIH87eTXfu2QyKvbPuhFjMU1SjKS	PASSENGER	user 2
4	$2a$10$KDR/MrWaFBciW52meV5JGe28dU3kfamZ5KVcJQWxLeYqDHyoqouB6	PASSENGER	dispatcher
5	$2a$10$WEnTW.Jd/bEelHGB5e0y7eQGzCcFQT06UNrKha.h5dVVj4hhlZpai	DISPATCHER	dispatch 2
6	$2a$10$Mupj1/LwfZRINWUIR/EBP./w8cGEa/dGG1EjSP.2qHWM6FWHJZvZG	DISPATCHER	disp 3
7	$2a$10$yNo5NWUiZRWX8lrXeh3AhuJ3JgSY0R9s.m1wR5cEbM2o8nNTDC782	PASSENGER	pass
8	$2a$10$9USvRNmv0a.fhEXG8akf.ugXvvNO3nXAgvdwR03uS.QpVDDbVx/PW	DISPATCHER	disp
9	$2a$10$Va4op.o8pqY0XidEvASrUu/7.0CRQXdSC60ExAXid2bMKRo5cZN2y	PASSENGER	phase6_passenger
\.


--
-- Data for Name: workflow_task; Type: TABLE DATA; Schema: public; Owner: bus_admin
--

COPY public.workflow_task (id, branch, comment, created_at, high_impact, progress, status, title, type) FROM stdin;
1	ROUTINE	\N	2026-04-21 18:21:19.979262	t	55	PENDING	Route data change approval - Central Avenue	ROUTE_CHANGE
2	ROUTINE	\N	2026-04-21 18:21:20.043582	f	35	PENDING	Reminder rule configuration review	REMINDER_RULE
3	ROUTINE	Returned for resubmission	2026-04-21 18:21:20.053797	f	10	RETURNED	Abnormal data batch review	ABNORMAL_DATA_REVIEW
\.


--
-- Name: bus_routes_id_seq; Type: SEQUENCE SET; Schema: public; Owner: bus_admin
--

SELECT pg_catalog.setval('public.bus_routes_id_seq', 2, true);


--
-- Name: bus_stops_id_seq; Type: SEQUENCE SET; Schema: public; Owner: bus_admin
--

SELECT pg_catalog.setval('public.bus_stops_id_seq', 1, true);


--
-- Name: cleaning_rule_id_seq; Type: SEQUENCE SET; Schema: public; Owner: bus_admin
--

SELECT pg_catalog.setval('public.cleaning_rule_id_seq', 5, true);


--
-- Name: field_dictionary_id_seq; Type: SEQUENCE SET; Schema: public; Owner: bus_admin
--

SELECT pg_catalog.setval('public.field_dictionary_id_seq', 2, true);


--
-- Name: import_audit_log_id_seq; Type: SEQUENCE SET; Schema: public; Owner: bus_admin
--

SELECT pg_catalog.setval('public.import_audit_log_id_seq', 13, true);


--
-- Name: message_queue_id_seq; Type: SEQUENCE SET; Schema: public; Owner: bus_admin
--

SELECT pg_catalog.setval('public.message_queue_id_seq', 5, true);


--
-- Name: notification_template_id_seq; Type: SEQUENCE SET; Schema: public; Owner: bus_admin
--

SELECT pg_catalog.setval('public.notification_template_id_seq', 2, true);


--
-- Name: route_stop_mapping_id_seq; Type: SEQUENCE SET; Schema: public; Owner: bus_admin
--

SELECT pg_catalog.setval('public.route_stop_mapping_id_seq', 2, true);


--
-- Name: stop_version_id_seq; Type: SEQUENCE SET; Schema: public; Owner: bus_admin
--

SELECT pg_catalog.setval('public.stop_version_id_seq', 21, true);


--
-- Name: users_id_seq; Type: SEQUENCE SET; Schema: public; Owner: bus_admin
--

SELECT pg_catalog.setval('public.users_id_seq', 9, true);


--
-- Name: workflow_task_id_seq; Type: SEQUENCE SET; Schema: public; Owner: bus_admin
--

SELECT pg_catalog.setval('public.workflow_task_id_seq', 3, true);


--
-- Name: bus_routes bus_routes_pkey; Type: CONSTRAINT; Schema: public; Owner: bus_admin
--

ALTER TABLE ONLY public.bus_routes
    ADD CONSTRAINT bus_routes_pkey PRIMARY KEY (id);


--
-- Name: bus_stops bus_stops_pkey; Type: CONSTRAINT; Schema: public; Owner: bus_admin
--

ALTER TABLE ONLY public.bus_stops
    ADD CONSTRAINT bus_stops_pkey PRIMARY KEY (id);


--
-- Name: cleaning_rule cleaning_rule_pkey; Type: CONSTRAINT; Schema: public; Owner: bus_admin
--

ALTER TABLE ONLY public.cleaning_rule
    ADD CONSTRAINT cleaning_rule_pkey PRIMARY KEY (id);


--
-- Name: field_dictionary field_dictionary_pkey; Type: CONSTRAINT; Schema: public; Owner: bus_admin
--

ALTER TABLE ONLY public.field_dictionary
    ADD CONSTRAINT field_dictionary_pkey PRIMARY KEY (id);


--
-- Name: import_audit_log import_audit_log_pkey; Type: CONSTRAINT; Schema: public; Owner: bus_admin
--

ALTER TABLE ONLY public.import_audit_log
    ADD CONSTRAINT import_audit_log_pkey PRIMARY KEY (id);


--
-- Name: message_queue message_queue_pkey; Type: CONSTRAINT; Schema: public; Owner: bus_admin
--

ALTER TABLE ONLY public.message_queue
    ADD CONSTRAINT message_queue_pkey PRIMARY KEY (id);


--
-- Name: notification_preference notification_preference_pkey; Type: CONSTRAINT; Schema: public; Owner: bus_admin
--

ALTER TABLE ONLY public.notification_preference
    ADD CONSTRAINT notification_preference_pkey PRIMARY KEY (user_id);


--
-- Name: notification_template notification_template_pkey; Type: CONSTRAINT; Schema: public; Owner: bus_admin
--

ALTER TABLE ONLY public.notification_template
    ADD CONSTRAINT notification_template_pkey PRIMARY KEY (id);


--
-- Name: route_stop_mapping route_stop_mapping_pkey; Type: CONSTRAINT; Schema: public; Owner: bus_admin
--

ALTER TABLE ONLY public.route_stop_mapping
    ADD CONSTRAINT route_stop_mapping_pkey PRIMARY KEY (id);


--
-- Name: stop_version stop_version_pkey; Type: CONSTRAINT; Schema: public; Owner: bus_admin
--

ALTER TABLE ONLY public.stop_version
    ADD CONSTRAINT stop_version_pkey PRIMARY KEY (id);


--
-- Name: notification_template uk4alf6jhfgxcfi5hgf5ixnme6i; Type: CONSTRAINT; Schema: public; Owner: bus_admin
--

ALTER TABLE ONLY public.notification_template
    ADD CONSTRAINT uk4alf6jhfgxcfi5hgf5ixnme6i UNIQUE (template_key);


--
-- Name: bus_routes uk9rkb8ny9gt445objnxin6sh0e; Type: CONSTRAINT; Schema: public; Owner: bus_admin
--

ALTER TABLE ONLY public.bus_routes
    ADD CONSTRAINT uk9rkb8ny9gt445objnxin6sh0e UNIQUE (route_number);


--
-- Name: field_dictionary ukku5cjmlc1v86970uo3imjbfa5; Type: CONSTRAINT; Schema: public; Owner: bus_admin
--

ALTER TABLE ONLY public.field_dictionary
    ADD CONSTRAINT ukku5cjmlc1v86970uo3imjbfa5 UNIQUE (dict_key);


--
-- Name: cleaning_rule ukpka8glmulxhri47tu16a0v4at; Type: CONSTRAINT; Schema: public; Owner: bus_admin
--

ALTER TABLE ONLY public.cleaning_rule
    ADD CONSTRAINT ukpka8glmulxhri47tu16a0v4at UNIQUE (rule_key);


--
-- Name: users ukr43af9ap4edm43mmtq01oddj6; Type: CONSTRAINT; Schema: public; Owner: bus_admin
--

ALTER TABLE ONLY public.users
    ADD CONSTRAINT ukr43af9ap4edm43mmtq01oddj6 UNIQUE (username);


--
-- Name: users users_pkey; Type: CONSTRAINT; Schema: public; Owner: bus_admin
--

ALTER TABLE ONLY public.users
    ADD CONSTRAINT users_pkey PRIMARY KEY (id);


--
-- Name: workflow_task workflow_task_pkey; Type: CONSTRAINT; Schema: public; Owner: bus_admin
--

ALTER TABLE ONLY public.workflow_task
    ADD CONSTRAINT workflow_task_pkey PRIMARY KEY (id);


--
-- Name: route_stop_mapping fk8vyh42oqoe507u84vrf65okym; Type: FK CONSTRAINT; Schema: public; Owner: bus_admin
--

ALTER TABLE ONLY public.route_stop_mapping
    ADD CONSTRAINT fk8vyh42oqoe507u84vrf65okym FOREIGN KEY (route_id) REFERENCES public.bus_routes(id);


--
-- Name: route_stop_mapping fkfjegqwyrt367pdh7da8tl0sb0; Type: FK CONSTRAINT; Schema: public; Owner: bus_admin
--

ALTER TABLE ONLY public.route_stop_mapping
    ADD CONSTRAINT fkfjegqwyrt367pdh7da8tl0sb0 FOREIGN KEY (stop_id) REFERENCES public.bus_stops(id);


--
-- PostgreSQL database dump complete
--

\unrestrict tHonOLhM9REGnm0oETjFWN42XjRDYlspgrgeRWfZuyI3m98ZRMM6uFtqkv4w2M6

